{
  "model": "1D-CNN",
  "accuracy": 0.7552785663591199,
  "precision_macro": 0.6728994206430211,
  "recall_macro": 0.6762048425608425,
  "f1_macro": 0.6383311341268059,
  "train_time_s": 4.706179618835449,
  "inference_time_s": 0.052596092224121094,
  "inference_ms_per_sample": 0.0023330417061799636,
  "confusion_matrix": [
    [
      8784,
      350,
      207,
      342,
      28
    ],
    [
      2188,
      5110,
      93,
      59,
      8
    ],
    [
      481,
      61,
      1844,
      35,
      0
    ],
    [
      1428,
      1,
      73,
      1249,
      136
    ],
    [
      19,
      0,
      0,
      8,
      40
    ]
  ],
  "per_class": {
    "normal": {
      "precision": 0.6809302325581396,
      "recall": 0.9045412418906394,
      "f1": 0.776966962982619
    },
    "DoS": {
      "precision": 0.9253893516841724,
      "recall": 0.6851702869401984,
      "f1": 0.7873651771956857
    },
    "Probe": {
      "precision": 0.8317546233649076,
      "recall": 0.761668731928955,
      "f1": 0.7951703320396722
    },
    "R2L": {
      "precision": 0.7377436503248671,
      "recall": 0.43262902667128506,
      "f1": 0.5454148471615721
    },
    "U2R": {
      "precision": 0.18867924528301888,
      "recall": 0.5970149253731343,
      "f1": 0.2867383512544803
    }
  },
  "epochs_trained": 7
}