{
  "model": "1D-CNN",
  "accuracy": 0.63364184035369,
  "precision_macro": 0.42697985538935346,
  "recall_macro": 0.5334124132717423,
  "f1_macro": 0.3788341257442288,
  "train_time_s": 25.374870777130127,
  "inference_time_s": 0.18944716453552246,
  "inference_ms_per_sample": 0.0023010149703095086,
  "confusion_matrix": [
    [
      21673,
      0,
      207,
      12143,
      14,
      377,
      2073,
      119,
      379,
      15
    ],
    [
      35,
      17623,
      315,
      735,
      6,
      28,
      7,
      44,
      25,
      53
    ],
    [
      132,
      26,
      5454,
      964,
      314,
      232,
      901,
      1910,
      277,
      922
    ],
    [
      109,
      11,
      38,
      4604,
      124,
      37,
      279,
      760,
      79,
      21
    ],
    [
      61,
      6,
      644,
      349,
      292,
      79,
      730,
      1723,
      90,
      115
    ],
    [
      3,
      1,
      66,
      359,
      37,
      1824,
      74,
      238,
      555,
      339
    ],
    [
      5,
      5,
      50,
      43,
      59,
      2,
      145,
      368,
      0,
      0
    ],
    [
      11,
      5,
      14,
      49,
      51,
      6,
      113,
      312,
      19,
      3
    ],
    [
      1,
      0,
      2,
      72,
      0,
      87,
      0,
      3,
      213,
      0
    ],
    [
      0,
      0,
      4,
      10,
      0,
      0,
      0,
      0,
      1,
      29
    ]
  ],
  "per_class": {
    "Normal": {
      "precision": 0.9837948252383114,
      "recall": 0.5857567567567568,
      "f1": 0.7343045908859902
    },
    "Generic": {
      "precision": 0.9969451830061662,
      "recall": 0.9338667797149065,
      "f1": 0.9643756156287622
    },
    "Exploits": {
      "precision": 0.8027671474830733,
      "recall": 0.4899389148401006,
      "f1": 0.60850161776191
    },
    "Fuzzers": {
      "precision": 0.23820364238410596,
      "recall": 0.7594853183767734,
      "f1": 0.3626624655376132
    },
    "DoS": {
      "precision": 0.3255295429208473,
      "recall": 0.07141110295915871,
      "f1": 0.11712795828319295
    },
    "Reconnaissance": {
      "precision": 0.6826347305389222,
      "recall": 0.5217391304347826,
      "f1": 0.5914396887159533
    },
    "Analysis": {
      "precision": 0.03354928273947247,
      "recall": 0.21418020679468242,
      "f1": 0.058011602320464095
    },
    "Backdoor": {
      "precision": 0.05696549205769582,
      "recall": 0.5351629502572899,
      "f1": 0.10297029702970296
    },
    "Shellcode": {
      "precision": 0.13003663003663005,
      "recall": 0.5634920634920635,
      "f1": 0.2113095238095238
    },
    "Worms": {
      "precision": 0.019372077488309953,
      "recall": 0.6590909090909091,
      "f1": 0.03763789746917586
    }
  },
  "epochs_trained": 24
}