{
  "NSL-KDD": {
    "model": "ZS-Mistral-7B",
    "accuracy": 0.10843373493975904,
    "precision_macro": 0.22132796780684103,
    "recall_macro": 0.4,
    "f1_macro": 0.23854545454545453,
    "train_time_s": 0.0,
    "inference_time_s": 32.38822793960571,
    "inference_ms_per_sample": 65.03660228836489,
    "confusion_matrix": [
      [
        0,
        0,
        215,
        0,
        0
      ],
      [
        0,
        0,
        165,
        0,
        0
      ],
      [
        0,
        0,
        53,
        0,
        0
      ],
      [
        0,
        0,
        64,
        0,
        0
      ],
      [
        0,
        0,
        0,
        0,
        1
      ]
    ],
    "per_class": {
      "normal": {
        "precision": 0.0,
        "recall": 0.0,
        "f1": 0.0
      },
      "DoS": {
        "precision": 0.0,
        "recall": 0.0,
        "f1": 0.0
      },
      "Probe": {
        "precision": 0.10663983903420524,
        "recall": 1.0,
        "f1": 0.19272727272727272
      },
      "R2L": {
        "precision": 0.0,
        "recall": 0.0,
        "f1": 0.0
      },
      "U2R": {
        "precision": 1.0,
        "recall": 1.0,
        "f1": 1.0
      }
    },
    "n_samples": 498,
    "model_id": "mistralai/Mistral-7B-Instruct-v0.3",
    "category": "Mistral"
  },
  "UNSW-NB15": {
    "model": "ZS-Mistral-7B",
    "accuracy": 0.04233870967741935,
    "precision_macro": 0.004233870967741935,
    "recall_macro": 0.1,
    "f1_macro": 0.008123791102514506,
    "train_time_s": 0.0,
    "inference_time_s": 40.1908655166626,
    "inference_ms_per_sample": 81.02997079972297,
    "confusion_matrix": [
      [
        0,
        0,
        0,
        0,
        0,
        224,
        0,
        0,
        0,
        0
      ],
      [
        0,
        0,
        0,
        0,
        0,
        114,
        0,
        0,
        0,
        0
      ],
      [
        0,
        0,
        0,
        0,
        0,
        67,
        0,
        0,
        0,
        0
      ],
      [
        0,
        0,
        0,
        0,
        0,
        36,
        0,
        0,
        0,
        0
      ],
      [
        0,
        0,
        0,
        0,
        0,
        24,
        0,
        0,
        0,
        0
      ],
      [
        0,
        0,
        0,
        0,
        0,
        21,
        0,
        0,
        0,
        0
      ],
      [
        0,
        0,
        0,
        0,
        0,
        4,
        0,
        0,
        0,
        0
      ],
      [
        0,
        0,
        0,
        0,
        0,
        3,
        0,
        0,
        0,
        0
      ],
      [
        0,
        0,
        0,
        0,
        0,
        2,
        0,
        0,
        0,
        0
      ],
      [
        0,
        0,
        0,
        0,
        0,
        1,
        0,
        0,
        0,
        0
      ]
    ],
    "per_class": {
      "Normal": {
        "precision": 0.0,
        "recall": 0.0,
        "f1": 0.0
      },
      "Generic": {
        "precision": 0.0,
        "recall": 0.0,
        "f1": 0.0
      },
      "Exploits": {
        "precision": 0.0,
        "recall": 0.0,
        "f1": 0.0
      },
      "Fuzzers": {
        "precision": 0.0,
        "recall": 0.0,
        "f1": 0.0
      },
      "DoS": {
        "precision": 0.0,
        "recall": 0.0,
        "f1": 0.0
      },
      "Reconnaissance": {
        "precision": 0.04233870967741935,
        "recall": 1.0,
        "f1": 0.08123791102514506
      },
      "Analysis": {
        "precision": 0.0,
        "recall": 0.0,
        "f1": 0.0
      },
      "Backdoor": {
        "precision": 0.0,
        "recall": 0.0,
        "f1": 0.0
      },
      "Shellcode": {
        "precision": 0.0,
        "recall": 0.0,
        "f1": 0.0
      },
      "Worms": {
        "precision": 0.0,
        "recall": 0.0,
        "f1": 0.0
      }
    },
    "n_samples": 496,
    "model_id": "mistralai/Mistral-7B-Instruct-v0.3",
    "category": "Mistral"
  }
}